<?xml version="1.0"?>
<doc>
    <assembly>
        <name>FinancialSystem.Web</name>
    </assembly>
    <members>
        <member name="M:FinancialSystem.Web.Controllers.AccountController.GetBalance">
            <summary>
            Gets current account balance.
            </summary>
            <returns></returns>
            <response code="200">Successfully got account balace.</response>
        </member>
        <member name="M:FinancialSystem.Web.Controllers.TransactionsController.Get">
            <summary>
            Get transactions history list.
            </summary>
            <returns></returns>
        </member>
        <member name="M:FinancialSystem.Web.Controllers.TransactionsController.Get(System.Guid)">
            <summary>
            Gets transaction by id.
            </summary>
            <param name="id"></param>
            <response code="200">Successfully got transaction.</response>
            <response code="404">Transaction with such <paramref name="id"/> was not found.</response>
        </member>
        <member name="M:FinancialSystem.Web.Controllers.TransactionsController.Post(FinancialSystem.Web.Models.Request.TransactionRequest)">
            <summary>
            Creates new transaction.
            </summary>
            <param name="request">Transaction model.</param>
            <response code="201">Successfully added new transaction.</response>
            <response code="400">Bad request data.</response>
            <response code="409">Conflict occured during processing transaction.</response>
        </member>
    </members>
</doc>
